{
    "detector_type": "SHITOMASI",
    "descriptor_type": "ORB",
    "matcher_type": "MAT_BF",
    "selector_type": "SEL_KNN",
    "detector_time": [ 4.35373858e-02, 2.97828019e-02, 3.69885974e-02,
        3.71302068e-02, 2.60699727e-02, 2.39585638e-02, 3.89034264e-02,
        2.61116978e-02, 2.64598597e-02, 3.07805315e-02 ],
    "descriptor_time": [ 1.76900497e-03, 1.96105894e-03, 1.83123699e-03,
        1.04439398e-03, 1.11781305e-03, 1.52222195e-03, 1.92309602e-03,
        2.58855498e-03, 1.68722996e-03, 1.62346603e-03 ],
    "matcher_time": [ 0.0, 3.22527089e-03, 1.67715596e-03,
        2.17873510e-03, 1.11978897e-03, 5.14190993e-04, 2.28792895e-03,
        2.06430606e-03, 5.37698972e-04, 3.78517108e-03 ],
    "descriptor_time_avg": 1.7068076413124800e-03,
    "detector_time_avg": 3.1972303986549377e-02,
    "matcher_time_avg": 1.9322497537359595e-03,
    "feature_count": [ 122.0, 117.0, 122.0, 117.0, 115.0, 112.0, 112.0,
        120.0, 111.0, 108.0 ],
    "match_count": [ 0.0, 104.0, 102.0, 96.0, 100.0, 102.0, 94.0, 96.0,
        103.0, 94.0 ],
    "feature_count_avg": 1.1559999847412109e+02,
    "match_count_avg": 8.9099998474121094e+01,
    "feature_size": [
        [ 4.0, 108.0, 122.0, 1.15599998e+02 ]
    ]
}
