{
    "detector_type": "SHITOMASI",
    "descriptor_type": "FREAK",
    "matcher_type": "MAT_BF",
    "selector_type": "SEL_KNN",
    "detector_time": [ 2.64129695e-02, 3.31942588e-02, 2.42460892e-02,
        4.00592834e-02, 1.79915428e-02, 2.49283165e-02, 2.57829633e-02,
        2.51667779e-02, 1.78659465e-02, 1.67638138e-02 ],
    "descriptor_time": [ 7.09136501e-02, 9.02219713e-02, 1.01701126e-01,
        7.13111386e-02, 7.71962404e-02, 1.09667502e-01, 9.26899835e-02,
        7.33072832e-02, 6.17146790e-02, 5.82962222e-02 ],
    "matcher_time": [ 0.0, 1.03322195e-03, 2.23673298e-03,
        8.97046004e-04, 2.13132496e-03, 5.15046995e-04, 1.07633497e-03,
        5.60811022e-04, 1.11840095e-03, 4.82495001e-04 ],
    "descriptor_time_avg": 8.0701984465122223e-02,
    "detector_time_avg": 2.5241196155548096e-02,
    "matcher_time_avg": 1.1168238706886768e-03,
    "feature_count": [ 122.0, 117.0, 122.0, 117.0, 115.0, 112.0, 112.0,
        120.0, 111.0, 108.0 ],
    "match_count": [ 0.0, 86.0, 90.0, 83.0, 87.0, 85.0, 79.0, 80.0, 86.0,
        82.0 ],
    "feature_count_avg": 1.1559999847412109e+02,
    "match_count_avg": 7.5800003051757812e+01,
    "feature_size": [
        [ 4.0, 108.0, 122.0, 1.15599998e+02 ]
    ]
}
