{
    "detector_type": "SHITOMASI",
    "descriptor_type": "SURF",
    "matcher_type": "MAT_BF",
    "selector_type": "SEL_KNN",
    "detector_time": [ 4.01293226e-02, 3.35933790e-02, 3.45874839e-02,
        4.00743037e-02, 2.63331886e-02, 3.38197462e-02, 3.83312590e-02,
        2.53500417e-02, 3.55813652e-02, 2.48137601e-02 ],
    "descriptor_time": [ 8.70489329e-03, 9.34259128e-03, 1.47837522e-02,
        5.40282018e-03, 6.15495909e-03, 4.95918794e-03, 9.91805643e-03,
        1.27599239e-02, 7.31746899e-03, 4.85191820e-03 ],
    "matcher_time": [ 0.0, 8.23949988e-04, 4.50372987e-04,
        4.85703000e-04, 9.08716989e-04, 6.82718994e-04, 8.45918024e-04,
        2.28527095e-03, 8.26461008e-04, 4.19796997e-04 ],
    "descriptor_time_avg": 8.4195565432310104e-03,
    "detector_time_avg": 3.3261388540267944e-02,
    "matcher_time_avg": 8.5876765660941601e-04,
    "feature_count": [ 122.0, 117.0, 122.0, 117.0, 115.0, 112.0, 112.0,
        120.0, 111.0, 108.0 ],
    "match_count": [ 0.0, 58.0, 57.0, 48.0, 57.0, 55.0, 50.0, 56.0, 55.0,
        54.0 ],
    "feature_count_avg": 1.1559999847412109e+02,
    "match_count_avg": 49.0,
    "feature_size": [
        [ 4.0, 108.0, 122.0, 1.15599998e+02 ]
    ]
}
