{
    "detector_type": "ORB",
    "descriptor_type": "SIFT",
    "matcher_type": "MAT_BF",
    "selector_type": "SEL_KNN",
    "detector_time": [ 1.78620368e-02, 2.01642681e-02, 2.34651770e-02,
        2.96643991e-02, 1.96192916e-02, 2.45390330e-02, 1.38633708e-02,
        1.57974046e-02, 2.06915382e-02, 1.58407968e-02 ],
    "descriptor_time": [ 2.36276537e-01, 2.22853482e-01, 2.74770826e-01,
        2.21841708e-01, 2.08739057e-01, 2.36380875e-01, 2.18416005e-01,
        2.17670903e-01, 2.27335498e-01, 2.03962430e-01 ],
    "matcher_time": [ 0.0, 2.19452754e-02, 5.69787016e-03,
        5.89824095e-03, 6.30072085e-03, 9.93631966e-03, 9.64426436e-03,
        1.13107087e-02, 1.22710112e-02, 1.20527698e-02 ],
    "descriptor_time_avg": 2.2682471573352814e-01,
    "detector_time_avg": 2.0150732249021530e-02,
    "matcher_time_avg": 1.0561909526586533e-02,
    "feature_count": [ 390.0, 404.0, 406.0, 413.0, 405.0, 418.0, 428.0,
        421.0, 399.0, 375.0 ],
    "match_count": [ 0.0, 272.0, 282.0, 287.0, 272.0, 279.0, 304.0,
        294.0, 288.0, 300.0 ],
    "feature_count_avg": 4.0589999389648438e+02,
    "match_count_avg": 2.5779998779296875e+02,
    "feature_size": [
        [ 31.0, 69.0, 82.0, 7.56999969e+01 ],
        [ 3.72000008e+01, 56.0, 74.0, 6.61999969e+01 ],
        [ 4.45999985e+01, 50.0, 63.0, 5.74000015e+01 ],
        [ 5.35999985e+01, 43.0, 60.0, 5.05999985e+01 ],
        [ 6.43000031e+01, 35.0, 48.0, 4.30999985e+01 ],
        [ 7.70999985e+01, 35.0, 43.0, 3.92999992e+01 ],
        [ 9.25999985e+01, 34.0, 41.0, 3.72999992e+01 ],
        [ 1.11099998e+02, 32.0, 41.0, 3.62999992e+01 ]
    ]
}
