{
    "detector_type": "HARRIS",
    "descriptor_type": "BRISK",
    "matcher_type": "MAT_BF",
    "selector_type": "SEL_KNN",
    "detector_time": [ 3.03637851e-02, 2.75338721e-02, 3.60764861e-02,
        2.98774913e-02, 2.53880471e-02, 2.44417563e-02, 2.77839471e-02,
        2.55853441e-02, 2.48462819e-02, 2.44711991e-02 ],
    "descriptor_time": [ 1.49835297e-03, 2.57365499e-03, 2.28034193e-03,
        2.29262211e-03, 2.47834995e-03, 4.39622020e-03, 1.97052001e-03,
        2.97704292e-03, 2.58975103e-03, 3.65265296e-03 ],
    "matcher_time": [ 0.0, 2.93886987e-04, 2.04661002e-04,
        1.72675995e-03, 1.58021098e-03, 1.01601495e-03, 7.04121019e-04,
        2.69892014e-04, 5.38629014e-04, 2.49259989e-03 ],
    "descriptor_time_avg": 2.6709509547799826e-03,
    "detector_time_avg": 2.7636820450425148e-02,
    "matcher_time_avg": 9.8075298592448235e-04,
    "feature_count": [ 52.0, 42.0, 66.0, 61.0, 88.0, 372.0, 38.0, 135.0,
        98.0, 201.0 ],
    "match_count": [ 0.0, 28.0, 21.0, 34.0, 33.0, 31.0, 76.0, 23.0, 71.0,
        56.0 ],
    "feature_count_avg": 1.1530000305175781e+02,
    "match_count_avg": 3.7299999237060547e+01,
    "feature_size": [
        [ 6.0, 38.0, 372.0, 1.15300003e+02 ]
    ]
}
