{
    "detector_type": "SURF",
    "descriptor_type": "BRIEF",
    "matcher_type": "MAT_BF",
    "selector_type": "SEL_KNN",
    "detector_time": [ 2.17430517e-01, 1.95847169e-01, 3.10834289e-01,
        2.27732077e-01, 2.18735412e-01, 2.01566309e-01, 1.72041044e-01,
        1.80644542e-01, 1.80579349e-01, 1.87292144e-01 ],
    "descriptor_time": [ 2.15050695e-03, 2.42109993e-03, 1.69802702e-03,
        1.75042404e-03, 3.11346701e-03, 3.11805494e-03, 3.18467198e-03,
        1.26453803e-03, 1.30518503e-03, 3.32359807e-03 ],
    "matcher_time": [ 0.0, 2.80369399e-03, 1.28637999e-03,
        1.27159397e-03, 1.28467497e-03, 1.32308097e-03, 1.49282301e-03,
        2.34041992e-03, 2.11978098e-03, 1.41337700e-03 ],
    "descriptor_time_avg": 2.3329574614763260e-03,
    "detector_time_avg": 2.0927028357982635e-01,
    "matcher_time_avg": 1.7039804952219129e-03,
    "feature_count": [ 205.0, 199.0, 208.0, 210.0, 204.0, 217.0, 240.0,
        226.0, 218.0, 221.0 ],
    "match_count": [ 0.0, 154.0, 162.0, 162.0, 170.0, 155.0, 169.0,
        183.0, 176.0, 177.0 ],
    "feature_count_avg": 2.1480000305175781e+02,
    "match_count_avg": 1.5080000305175781e+02,
    "feature_size": [
        [ 10.0, 1.0, 1.0, 1.0 ],
        [ 11.0, 1.0, 2.0, 1.50000000e+00 ],
        [ 12.0, 2.0, 10.0, 5.30000019e+00 ],
        [ 13.0, 6.0, 16.0, 9.89999962e+00 ],
        [ 14.0, 12.0, 21.0, 1.43000002e+01 ],
        [ 15.0, 15.0, 24.0, 1.91000004e+01 ],
        [ 16.0, 9.0, 19.0, 1.43000002e+01 ],
        [ 17.0, 5.0, 9.0, 6.80000019e+00 ],
        [ 18.0, 2.0, 5.0, 3.0 ],
        [ 19.0, 3.0, 8.0, 5.09999990e+00 ],
        [ 20.0, 9.0, 17.0, 13.0 ],
        [ 21.0, 16.0, 23.0, 1.92000008e+01 ],
        [ 22.0, 10.0, 14.0, 1.18999996e+01 ],
        [ 23.0, 1.0, 5.0, 3.50000000e+00 ],
        [ 24.0, 1.0, 3.0, 1.39999998e+00 ],
        [ 25.0, 1.0, 5.0, 2.77777767e+00 ],
        [ 26.0, 2.0, 12.0, 7.0 ],
        [ 27.0, 4.0, 9.0, 6.90000010e+00 ],
        [ 28.0, 5.0, 14.0, 9.10000038e+00 ],
        [ 29.0, 5.0, 11.0, 7.40000010e+00 ],
        [ 30.0, 1.0, 8.0, 4.40000010e+00 ],
        [ 31.0, 2.0, 4.0, 2.88888884e+00 ],
        [ 32.0, 2.0, 8.0, 5.0 ],
        [ 33.0, 1.0, 4.0, 2.12500000e+00 ],
        [ 34.0, 1.0, 3.0, 1.79999995e+00 ],
        [ 35.0, 1.0, 1.0, 1.0 ],
        [ 36.0, 1.0, 1.0, 1.0 ],
        [ 37.0, 1.0, 1.0, 1.0 ],
        [ 38.0, 1.0, 1.0, 1.0 ],
        [ 39.0, 1.0, 1.0, 1.0 ],
        [ 40.0, 1.0, 1.0, 1.0 ],
        [ 41.0, 1.0, 4.0, 2.0 ],
        [ 42.0, 1.0, 3.0, 1.37500000e+00 ],
        [ 43.0, 1.0, 3.0, 1.60000002e+00 ],
        [ 44.0, 1.0, 4.0, 2.25000000e+00 ],
        [ 45.0, 1.0, 4.0, 2.0 ],
        [ 46.0, 1.0, 2.0, 1.14285719e+00 ],
        [ 47.0, 1.0, 2.0, 1.20000005e+00 ],
        [ 48.0, 1.0, 1.0, 1.0 ],
        [ 49.0, 1.0, 3.0, 1.79999995e+00 ],
        [ 50.0, 1.0, 2.0, 1.50000000e+00 ],
        [ 51.0, 1.0, 3.0, 1.44444442e+00 ],
        [ 52.0, 1.0, 3.0, 1.66666663e+00 ],
        [ 53.0, 1.0, 2.0, 1.55555558e+00 ],
        [ 54.0, 1.0, 3.0, 1.83333337e+00 ],
        [ 55.0, 1.0, 4.0, 1.66666663e+00 ],
        [ 56.0, 1.0, 3.0, 1.66666663e+00 ],
        [ 57.0, 1.0, 4.0, 2.11111116e+00 ],
        [ 58.0, 1.0, 4.0, 2.0 ],
        [ 59.0, 1.0, 2.0, 1.16666663e+00 ],
        [ 60.0, 1.0, 1.0, 1.0 ],
        [ 61.0, 1.0, 3.0, 1.66666663e+00 ],
        [ 62.0, 1.0, 2.0, 1.33333337e+00 ],
        [ 63.0, 1.0, 3.0, 1.42857146e+00 ],
        [ 64.0, 1.0, 3.0, 1.79999995e+00 ],
        [ 65.0, 1.0, 1.0, 1.0 ],
        [ 66.0, 1.0, 1.0, 1.0 ],
        [ 67.0, 1.0, 1.0, 1.0 ],
        [ 68.0, 1.0, 1.0, 1.0 ],
        [ 69.0, 1.0, 1.0, 1.0 ],
        [ 70.0, 1.0, 1.0, 1.0 ],
        [ 74.0, 1.0, 1.0, 1.0 ],
        [ 76.0, 1.0, 1.0, 1.0 ],
        [ 77.0, 1.0, 1.0, 1.0 ],
        [ 78.0, 1.0, 1.0, 1.0 ],
        [ 79.0, 1.0, 1.0, 1.0 ],
        [ 80.0, 1.0, 1.0, 1.0 ],
        [ 81.0, 1.0, 1.0, 1.0 ],
        [ 82.0, 1.0, 2.0, 1.33333337e+00 ],
        [ 83.0, 1.0, 1.0, 1.0 ],
        [ 84.0, 1.0, 1.0, 1.0 ],
        [ 86.0, 1.0, 1.0, 1.0 ],
        [ 87.0, 1.0, 2.0, 1.14285719e+00 ],
        [ 88.0, 1.0, 1.0, 1.0 ],
        [ 91.0, 1.0, 1.0, 1.0 ],
        [ 92.0, 1.0, 1.0, 1.0 ],
        [ 93.0, 1.0, 1.0, 1.0 ],
        [ 97.0, 1.0, 1.0, 1.0 ],
        [ 100.0, 1.0, 1.0, 1.0 ],
        [ 102.0, 1.0, 1.0, 1.0 ],
        [ 103.0, 1.0, 1.0, 1.0 ],
        [ 104.0, 1.0, 1.0, 1.0 ],
        [ 106.0, 1.0, 1.0, 1.0 ],
        [ 107.0, 1.0, 1.0, 1.0 ],
        [ 108.0, 1.0, 1.0, 1.0 ],
        [ 109.0, 1.0, 1.0, 1.0 ],
        [ 110.0, 1.0, 2.0, 1.75000000e+00 ],
        [ 113.0, 1.0, 1.0, 1.0 ],
        [ 114.0, 1.0, 2.0, 1.33333337e+00 ],
        [ 115.0, 1.0, 1.0, 1.0 ],
        [ 116.0, 1.0, 1.0, 1.0 ],
        [ 117.0, 1.0, 1.0, 1.0 ],
        [ 118.0, 1.0, 1.0, 1.0 ],
        [ 127.0, 1.0, 1.0, 1.0 ],
        [ 128.0, 1.0, 1.0, 1.0 ]
    ]
}
