{
    "detector_type": "HARRIS",
    "descriptor_type": "BRIEF",
    "matcher_type": "MAT_BF",
    "selector_type": "SEL_KNN",
    "detector_time": [ 3.36864851e-02, 3.50628868e-02, 4.24440615e-02,
        2.62432937e-02, 3.13477814e-02, 3.54619063e-02, 2.95770597e-02,
        2.79096682e-02, 2.93147434e-02, 2.85027903e-02 ],
    "descriptor_time": [ 5.97716018e-04, 1.98346097e-03, 2.15161708e-03,
        2.06618989e-03, 2.26936094e-03, 3.26210191e-03, 1.95576204e-03,
        2.50053592e-03, 2.49246298e-03, 2.14876211e-03 ],
    "matcher_time": [ 0.0, 3.06333997e-04, 1.97775997e-04,
        1.13649503e-03, 1.57584099e-03, 9.85687948e-04, 6.84130006e-04,
        1.46024802e-03, 5.12245984e-04, 6.53165975e-04 ],
    "descriptor_time_avg": 2.1427969913929701e-03,
    "detector_time_avg": 3.1955070793628693e-02,
    "matcher_time_avg": 8.3465821808204055e-04,
    "feature_count": [ 52.0, 42.0, 66.0, 61.0, 88.0, 372.0, 38.0, 135.0,
        98.0, 201.0 ],
    "match_count": [ 0.0, 25.0, 22.0, 47.0, 33.0, 29.0, 115.0, 18.0,
        75.0, 52.0 ],
    "feature_count_avg": 1.1530000305175781e+02,
    "match_count_avg": 4.1599998474121094e+01,
    "feature_size": [
        [ 6.0, 38.0, 372.0, 1.15300003e+02 ]
    ]
}
