{
    "detector_type": "HARRIS",
    "descriptor_type": "SURF",
    "matcher_type": "MAT_BF",
    "selector_type": "SEL_KNN",
    "detector_time": [ 2.63698343e-02, 2.56802160e-02, 3.47200222e-02,
        3.32175456e-02, 2.71349885e-02, 5.06324917e-02, 2.93708667e-02,
        3.47441509e-02, 2.45334096e-02, 2.49324962e-02 ],
    "descriptor_time": [ 2.82711093e-03, 4.39090515e-03, 3.89001612e-03,
        6.09055487e-03, 1.90129783e-02, 3.72207202e-02, 5.17865410e-03,
        1.30794309e-02, 4.75711981e-03, 8.29846226e-03 ],
    "matcher_time": [ 0.0, 3.20215011e-04, 1.90196006e-04,
        6.32431998e-04, 1.08826603e-03, 2.06284202e-03, 1.19455298e-03,
        1.49028003e-03, 4.66613012e-04, 1.17600104e-03 ],
    "descriptor_time_avg": 1.0474594309926033e-02,
    "detector_time_avg": 3.1133603304624557e-02,
    "matcher_time_avg": 9.5793313812464476e-04,
    "feature_count": [ 52.0, 42.0, 66.0, 61.0, 88.0, 372.0, 38.0, 135.0,
        98.0, 201.0 ],
    "match_count": [ 0.0, 31.0, 30.0, 30.0, 27.0, 34.0, 97.0, 26.0, 76.0,
        59.0 ],
    "feature_count_avg": 1.1530000305175781e+02,
    "match_count_avg": 41.0,
    "feature_size": [
        [ 6.0, 38.0, 372.0, 1.15300003e+02 ]
    ]
}
