{
    "detector_type": "HARRIS",
    "descriptor_type": "ORB",
    "matcher_type": "MAT_BF",
    "selector_type": "SEL_KNN",
    "detector_time": [ 2.94059627e-02, 2.69826166e-02, 3.95448916e-02,
        2.79339310e-02, 2.84121577e-02, 2.56876629e-02, 2.34954413e-02,
        3.10611520e-02, 2.57876180e-02, 4.69390079e-02 ],
    "descriptor_time": [ 1.51748396e-03, 1.62742403e-03, 1.82677398e-03,
        1.55489706e-03, 1.33497897e-03, 2.49225507e-03, 1.48765999e-03,
        1.94646395e-03, 1.52063498e-03, 5.15025808e-03 ],
    "matcher_time": [ 0.0, 2.99492996e-04, 2.03649994e-04,
        1.73478306e-03, 2.87328003e-04, 1.19398301e-03, 6.89793029e-04,
        1.45032106e-03, 6.36735884e-03, 1.97499990e-03 ],
    "descriptor_time_avg": 2.0458830986171961e-03,
    "detector_time_avg": 3.0525043606758118e-02,
    "matcher_time_avg": 1.5779677778482437e-03,
    "feature_count": [ 52.0, 42.0, 66.0, 61.0, 88.0, 372.0, 38.0, 135.0,
        98.0, 201.0 ],
    "match_count": [ 0.0, 25.0, 23.0, 36.0, 30.0, 25.0, 102.0, 19.0,
        78.0, 60.0 ],
    "feature_count_avg": 1.1530000305175781e+02,
    "match_count_avg": 3.9799999237060547e+01,
    "feature_size": [
        [ 6.0, 38.0, 372.0, 1.15300003e+02 ]
    ]
}
