{
    "detector_type": "SHITOMASI",
    "descriptor_type": "BRIEF",
    "matcher_type": "MAT_BF",
    "selector_type": "SEL_KNN",
    "detector_time": [ 3.48395668e-02, 2.40100548e-02, 3.99459824e-02,
        3.50672305e-02, 2.81597767e-02, 4.02652435e-02, 5.70603311e-02,
        3.52812186e-02, 3.67524326e-02, 2.71467492e-02 ],
    "descriptor_time": [ 2.71001202e-03, 2.47908290e-03, 2.85754493e-03,
        2.57886411e-03, 2.26055109e-03, 2.43962905e-03, 2.40588398e-03,
        2.31455010e-03, 2.27746810e-03, 2.17217696e-03 ],
    "matcher_time": [ 0.0, 6.60508987e-04, 1.06292195e-03,
        5.16019005e-04, 4.91677027e-04, 8.96958355e-03, 1.98265188e-03,
        2.03382806e-03, 6.49262976e-04, 4.59445000e-04 ],
    "descriptor_time_avg": 2.4495762772858143e-03,
    "detector_time_avg": 3.5852860659360886e-02,
    "matcher_time_avg": 1.8695441540330648e-03,
    "feature_count": [ 122.0, 117.0, 122.0, 117.0, 115.0, 112.0, 112.0,
        120.0, 111.0, 108.0 ],
    "match_count": [ 0.0, 112.0, 111.0, 102.0, 100.0, 99.0, 99.0, 98.0,
        108.0, 99.0 ],
    "feature_count_avg": 1.1559999847412109e+02,
    "match_count_avg": 9.2800003051757812e+01,
    "feature_size": [
        [ 4.0, 108.0, 122.0, 1.15599998e+02 ]
    ]
}
