{
    "detector_type": "ORB",
    "descriptor_type": "SURF",
    "matcher_type": "MAT_BF",
    "selector_type": "SEL_KNN",
    "detector_time": [ 1.93521809e-02, 2.14562919e-02, 1.78003460e-02,
        2.30914988e-02, 1.23976320e-02, 1.55165596e-02, 1.75406393e-02,
        1.54677313e-02, 1.90818924e-02, 3.48708108e-02 ],
    "descriptor_time": [ 2.33432144e-01, 2.07630008e-01, 2.22706318e-01,
        2.02296197e-01, 2.06173122e-01, 2.04068378e-01, 2.14813769e-01,
        1.92532241e-01, 2.00575471e-01, 1.76025689e-01 ],
    "matcher_time": [ 0.0, 3.33952205e-03, 3.90043296e-03,
        3.77529208e-03, 3.52296000e-03, 3.84524791e-03, 7.45484186e-03,
        3.94816697e-03, 3.65626300e-03, 3.34433792e-03 ],
    "descriptor_time_avg": 2.0602533221244812e-01,
    "detector_time_avg": 1.9657557830214500e-02,
    "matcher_time_avg": 4.0874518454074860e-03,
    "feature_count": [ 390.0, 404.0, 406.0, 413.0, 405.0, 418.0, 428.0,
        421.0, 399.0, 375.0 ],
    "match_count": [ 0.0, 236.0, 250.0, 249.0, 262.0, 267.0, 293.0,
        268.0, 274.0, 281.0 ],
    "feature_count_avg": 4.0589999389648438e+02,
    "match_count_avg": 238.0,
    "feature_size": [
        [ 31.0, 69.0, 82.0, 7.56999969e+01 ],
        [ 3.72000008e+01, 56.0, 74.0, 6.61999969e+01 ],
        [ 4.45999985e+01, 50.0, 63.0, 5.74000015e+01 ],
        [ 5.35999985e+01, 43.0, 60.0, 5.05999985e+01 ],
        [ 6.43000031e+01, 35.0, 48.0, 4.30999985e+01 ],
        [ 7.70999985e+01, 35.0, 43.0, 3.92999992e+01 ],
        [ 9.25999985e+01, 34.0, 41.0, 3.72999992e+01 ],
        [ 1.11099998e+02, 32.0, 41.0, 3.62999992e+01 ]
    ]
}
