{
    "detector_type": "BRISK",
    "descriptor_type": "ORB",
    "matcher_type": "MAT_BF",
    "selector_type": "SEL_KNN",
    "detector_time": [ 7.88696110e-02, 5.47900163e-02, 5.11058010e-02,
        5.29122874e-02, 5.72139397e-02, 5.01876026e-02, 4.94782515e-02,
        4.93170694e-02, 4.91038896e-02, 4.85825054e-02 ],
    "descriptor_time": [ 8.77059717e-03, 6.90738996e-03, 6.96561299e-03,
        7.10748322e-03, 7.11915316e-03, 7.08647817e-03, 7.14752497e-03,
        7.31960405e-03, 6.85747201e-03, 6.77458802e-03 ],
    "matcher_time": [ 0.0, 2.13448610e-03, 2.20967899e-03,
        2.41033291e-03, 2.37956108e-03, 2.50856904e-03, 2.30820407e-03,
        2.30621104e-03, 2.02535000e-03, 1.87438796e-03 ],
    "descriptor_time_avg": 7.2055906057357788e-03,
    "detector_time_avg": 5.4156094789505005e-02,
    "matcher_time_avg": 2.2396419662982225e-03,
    "feature_count": [ 254.0, 274.0, 276.0, 275.0, 293.0, 275.0, 289.0,
        268.0, 258.0, 249.0 ],
    "match_count": [ 0.0, 155.0, 167.0, 155.0, 161.0, 156.0, 181.0,
        165.0, 170.0, 170.0 ],
    "feature_count_avg": 2.7110000610351562e+02,
    "match_count_avg": 148.0,
    "feature_size": [
        [ 8.39999962e+00, 2.0, 8.0, 5.09999990e+00 ],
        [ 8.50000000e+00, 1.0, 1.0, 1.0 ],
        [ 8.69999981e+00, 1.0, 2.0, 1.25000000e+00 ],
        [ 8.80000019e+00, 1.0, 1.0, 1.0 ],
        [ 8.89999962e+00, 1.0, 1.0, 1.0 ],
        [ 9.0, 1.0, 1.0, 1.0 ],
        [ 9.10000038e+00, 1.0, 1.0, 1.0 ],
        [ 9.19999981e+00, 1.0, 2.0, 1.66666663e+00 ],
        [ 9.30000019e+00, 1.0, 1.0, 1.0 ],
        [ 9.39999962e+00, 1.0, 2.0, 1.20000005e+00 ],
        [ 9.50000000e+00, 1.0, 2.0, 1.20000005e+00 ],
        [ 9.60000038e+00, 1.0, 3.0, 1.50000000e+00 ],
        [ 9.69999981e+00, 1.0, 1.0, 1.0 ],
        [ 9.80000019e+00, 1.0, 1.0, 1.0 ],
        [ 9.89999962e+00, 1.0, 1.0, 1.0 ],
        [ 10.0, 1.0, 3.0, 1.71428573e+00 ],
        [ 1.01000004e+01, 1.0, 1.0, 1.0 ],
        [ 1.01999998e+01, 1.0, 1.0, 1.0 ],
        [ 1.03000002e+01, 1.0, 4.0, 1.87500000e+00 ],
        [ 1.03999996e+01, 1.0, 2.0, 1.12500000e+00 ],
        [ 1.05000000e+01, 1.0, 2.0, 1.33333337e+00 ],
        [ 1.06000004e+01, 1.0, 4.0, 2.59999990e+00 ],
        [ 1.06999998e+01, 1.0, 2.0, 1.20000005e+00 ],
        [ 1.08000002e+01, 1.0, 2.0, 1.83333337e+00 ],
        [ 1.08999996e+01, 1.0, 4.0, 2.0 ],
        [ 11.0, 1.0, 4.0, 2.22222233e+00 ],
        [ 1.11000004e+01, 1.0, 5.0, 2.44444442e+00 ],
        [ 1.11999998e+01, 1.0, 4.0, 2.44444442e+00 ],
        [ 1.13000002e+01, 1.0, 8.0, 3.66666675e+00 ],
        [ 1.13999996e+01, 3.0, 7.0, 3.90000010e+00 ],
        [ 1.15000000e+01, 1.0, 6.0, 3.20000005e+00 ],
        [ 1.16000004e+01, 1.0, 7.0, 3.29999995e+00 ],
        [ 1.16999998e+01, 1.0, 7.0, 4.11111116e+00 ],
        [ 1.18000002e+01, 1.0, 5.0, 3.0 ],
        [ 1.18999996e+01, 1.0, 8.0, 4.50000000e+00 ],
        [ 12.0, 1.0, 11.0, 6.19999981e+00 ],
        [ 1.21000004e+01, 2.0, 7.0, 3.90000010e+00 ],
        [ 1.21999998e+01, 1.0, 6.0, 3.50000000e+00 ],
        [ 1.23000002e+01, 1.0, 7.0, 3.50000000e+00 ],
        [ 1.23999996e+01, 1.0, 10.0, 3.79999995e+00 ],
        [ 1.25000000e+01, 2.0, 5.0, 3.59999990e+00 ],
        [ 1.26000004e+01, 2.0, 7.0, 4.09999990e+00 ],
        [ 1.26999998e+01, 2.0, 5.0, 3.40000010e+00 ],
        [ 1.28000002e+01, 2.0, 6.0, 3.29999995e+00 ],
        [ 1.28999996e+01, 1.0, 4.0, 2.70000005e+00 ],
        [ 13.0, 1.0, 5.0, 3.20000005e+00 ],
        [ 1.31000004e+01, 2.0, 6.0, 3.11111116e+00 ],
        [ 1.31999998e+01, 1.0, 5.0, 3.0 ],
        [ 1.33000002e+01, 1.0, 4.0, 2.44444442e+00 ],
        [ 1.33999996e+01, 2.0, 6.0, 3.50000000e+00 ],
        [ 1.35000000e+01, 2.0, 4.0, 2.75000000e+00 ],
        [ 1.36000004e+01, 1.0, 5.0, 2.90000010e+00 ],
        [ 1.36999998e+01, 1.0, 5.0, 2.50000000e+00 ],
        [ 1.38000002e+01, 1.0, 3.0, 1.87500000e+00 ],
        [ 1.38999996e+01, 1.0, 3.0, 1.70000005e+00 ],
        [ 14.0, 1.0, 6.0, 2.62500000e+00 ],
        [ 1.41000004e+01, 1.0, 5.0, 2.0 ],
        [ 1.41999998e+01, 1.0, 4.0, 2.11111116e+00 ],
        [ 1.43000002e+01, 1.0, 5.0, 2.37500000e+00 ],
        [ 1.43999996e+01, 1.0, 4.0, 2.14285707e+00 ],
        [ 1.45000000e+01, 1.0, 3.0, 1.85714281e+00 ],
        [ 1.46000004e+01, 1.0, 5.0, 2.0 ],
        [ 1.46999998e+01, 1.0, 3.0, 1.50000000e+00 ],
        [ 1.48000002e+01, 1.0, 5.0, 2.57142854e+00 ],
        [ 1.48999996e+01, 1.0, 3.0, 1.39999998e+00 ],
        [ 15.0, 1.0, 5.0, 2.44444442e+00 ],
        [ 1.51000004e+01, 1.0, 1.0, 1.0 ],
        [ 1.51999998e+01, 1.0, 2.0, 1.50000000e+00 ],
        [ 1.53000002e+01, 1.0, 2.0, 1.33333337e+00 ],
        [ 1.53999996e+01, 1.0, 2.0, 1.25000000e+00 ],
        [ 1.55000000e+01, 1.0, 1.0, 1.0 ],
        [ 1.56000004e+01, 1.0, 3.0, 1.66666663e+00 ],
        [ 1.56999998e+01, 1.0, 1.0, 1.0 ],
        [ 1.58000002e+01, 1.0, 2.0, 1.20000005e+00 ],
        [ 1.58999996e+01, 1.0, 3.0, 1.25000000e+00 ],
        [ 16.0, 1.0, 2.0, 1.50000000e+00 ],
        [ 1.61000004e+01, 1.0, 2.0, 1.39999998e+00 ],
        [ 1.62000008e+01, 1.0, 1.0, 1.0 ],
        [ 1.62999992e+01, 1.0, 3.0, 1.39999998e+00 ],
        [ 1.63999996e+01, 1.0, 2.0, 1.33333337e+00 ],
        [ 1.65000000e+01, 1.0, 2.0, 1.50000000e+00 ],
        [ 1.66000004e+01, 1.0, 1.0, 1.0 ],
        [ 1.67000008e+01, 1.0, 2.0, 1.14285719e+00 ],
        [ 1.67999992e+01, 1.0, 3.0, 1.85714281e+00 ],
        [ 1.68999996e+01, 1.0, 3.0, 1.57142854e+00 ],
        [ 17.0, 1.0, 1.0, 1.0 ],
        [ 1.71000004e+01, 1.0, 2.0, 1.33333337e+00 ],
        [ 1.72000008e+01, 1.0, 1.0, 1.0 ],
        [ 1.72999992e+01, 1.0, 2.0, 1.16666663e+00 ],
        [ 1.73999996e+01, 1.0, 4.0, 2.20000005e+00 ],
        [ 1.75000000e+01, 1.0, 2.0, 1.28571427e+00 ],
        [ 1.76000004e+01, 1.0, 2.0, 1.33333337e+00 ],
        [ 1.77000008e+01, 1.0, 3.0, 1.50000000e+00 ],
        [ 1.77999992e+01, 1.0, 2.0, 1.25000000e+00 ],
        [ 1.78999996e+01, 1.0, 2.0, 1.33333337e+00 ],
        [ 18.0, 1.0, 13.0, 6.50000000e+00 ],
        [ 1.81000004e+01, 1.0, 3.0, 1.60000002e+00 ],
        [ 1.82000008e+01, 2.0, 2.0, 2.0 ],
        [ 1.82999992e+01, 1.0, 3.0, 1.60000002e+00 ],
        [ 1.83999996e+01, 1.0, 3.0, 2.0 ],
        [ 1.85000000e+01, 1.0, 2.0, 1.66666663e+00 ],
        [ 1.86000004e+01, 1.0, 3.0, 1.66666663e+00 ],
        [ 1.87000008e+01, 1.0, 2.0, 1.66666663e+00 ],
        [ 1.87999992e+01, 1.0, 2.0, 1.20000005e+00 ],
        [ 1.88999996e+01, 1.0, 3.0, 1.42857146e+00 ],
        [ 19.0, 1.0, 2.0, 1.33333337e+00 ],
        [ 1.91000004e+01, 1.0, 2.0, 1.39999998e+00 ],
        [ 1.92000008e+01, 1.0, 2.0, 1.20000005e+00 ],
        [ 1.92999992e+01, 1.0, 2.0, 1.14285719e+00 ],
        [ 1.93999996e+01, 1.0, 4.0, 2.0 ],
        [ 1.95000000e+01, 1.0, 1.0, 1.0 ],
        [ 1.96000004e+01, 1.0, 2.0, 1.25000000e+00 ],
        [ 1.97000008e+01, 1.0, 2.0, 1.16666663e+00 ],
        [ 1.97999992e+01, 1.0, 1.0, 1.0 ],
        [ 1.98999996e+01, 1.0, 1.0, 1.0 ],
        [ 20.0, 1.0, 1.0, 1.0 ],
        [ 2.01000004e+01, 1.0, 2.0, 1.16666663e+00 ],
        [ 2.02000008e+01, 1.0, 2.0, 1.25000000e+00 ],
        [ 2.02999992e+01, 1.0, 1.0, 1.0 ],
        [ 2.03999996e+01, 1.0, 1.0, 1.0 ],
        [ 2.05000000e+01, 1.0, 2.0, 1.25000000e+00 ],
        [ 2.06000004e+01, 1.0, 1.0, 1.0 ],
        [ 2.07000008e+01, 1.0, 1.0, 1.0 ],
        [ 2.07999992e+01, 1.0, 1.0, 1.0 ],
        [ 2.08999996e+01, 1.0, 1.0, 1.0 ],
        [ 21.0, 1.0, 5.0, 2.40000010e+00 ],
        [ 2.12000008e+01, 1.0, 1.0, 1.0 ],
        [ 2.12999992e+01, 2.0, 2.0, 2.0 ],
        [ 2.13999996e+01, 1.0, 1.0, 1.0 ],
        [ 2.15000000e+01, 1.0, 1.0, 1.0 ],
        [ 2.16000004e+01, 1.0, 2.0, 1.25000000e+00 ],
        [ 2.17000008e+01, 1.0, 1.0, 1.0 ],
        [ 2.17999992e+01, 1.0, 1.0, 1.0 ],
        [ 2.18999996e+01, 1.0, 1.0, 1.0 ],
        [ 22.0, 1.0, 1.0, 1.0 ],
        [ 2.21000004e+01, 1.0, 2.0, 1.50000000e+00 ],
        [ 2.22000008e+01, 1.0, 1.0, 1.0 ],
        [ 2.22999992e+01, 1.0, 1.0, 1.0 ],
