{
    "detector_type": "HARRIS",
    "descriptor_type": "SIFT",
    "matcher_type": "MAT_BF",
    "selector_type": "SEL_KNN",
    "detector_time": [ 2.59586703e-02, 1.56018538e-02, 1.93852987e-02,
        1.99219398e-02, 4.25256938e-02, 2.07161289e-02, 2.90574301e-02,
        2.30953079e-02, 2.27506235e-02, 2.06940025e-02 ],
    "descriptor_time": [ 3.66544165e-02, 2.42189337e-02, 2.75972430e-02,
        3.12274676e-02, 4.72907871e-02, 7.40116462e-02, 2.52665281e-02,
        3.58912982e-02, 3.01534664e-02, 4.04320024e-02 ],
    "matcher_time": [ 0.0, 3.52669012e-04, 1.98214999e-04,
        9.67073021e-04, 5.23424998e-04, 1.28767104e-03, 7.56310998e-04,
        5.81795000e-04, 1.77781202e-03, 1.05566694e-03 ],
    "descriptor_time_avg": 3.7274379283189774e-02,
    "detector_time_avg": 2.3970695212483406e-02,
    "matcher_time_avg": 8.3340413402765989e-04,
    "feature_count": [ 52.0, 42.0, 66.0, 61.0, 88.0, 372.0, 38.0, 135.0,
        98.0, 201.0 ],
    "match_count": [ 0.0, 20.0, 13.0, 25.0, 24.0, 20.0, 104.0, 16.0,
        52.0, 47.0 ],
    "feature_count_avg": 1.1530000305175781e+02,
    "match_count_avg": 3.2099998474121094e+01,
    "feature_size": [
        [ 6.0, 38.0, 372.0, 1.15300003e+02 ]
    ]
}
