{
    "detector_type": "HARRIS",
    "descriptor_type": "FREAK",
    "matcher_type": "MAT_BF",
    "selector_type": "SEL_KNN",
    "detector_time": [ 2.62510963e-02, 3.56647037e-02, 2.22428925e-02,
        1.93733014e-02, 2.16880050e-02, 2.00327151e-02, 1.54884215e-02,
        2.68851072e-02, 2.18159705e-02, 1.73391365e-02 ],
    "descriptor_time": [ 6.53429106e-02, 9.96594951e-02, 1.22771762e-01,
        8.21779668e-02, 7.37031177e-02, 5.97140267e-02, 6.11494854e-02,
        6.19165413e-02, 7.13838860e-02, 5.52729890e-02 ],
    "matcher_time": [ 0.0, 8.05362011e-04, 1.50183099e-03,
        2.59450800e-03, 3.32722993e-04, 1.30217604e-03, 6.29496004e-04,
        2.55321007e-04, 1.24393904e-03, 1.08028203e-03 ],
    "descriptor_time_avg": 7.5309216976165771e-02,
    "detector_time_avg": 2.2678133100271225e-02,
    "matcher_time_avg": 1.0828486410900950e-03,
    "feature_count": [ 52.0, 42.0, 66.0, 61.0, 88.0, 372.0, 38.0, 135.0,
        98.0, 201.0 ],
    "match_count": [ 0.0, 28.0, 28.0, 36.0, 35.0, 35.0, 97.0, 23.0, 85.0,
        58.0 ],
    "feature_count_avg": 1.1530000305175781e+02,
    "match_count_avg": 4.2500000000000000e+01,
    "feature_size": [
        [ 6.0, 38.0, 372.0, 1.15300003e+02 ]
    ]
}
