{
    "detector_type": "ORB",
    "descriptor_type": "FREAK",
    "matcher_type": "MAT_BF",
    "selector_type": "SEL_KNN",
    "detector_time": [ 1.33732986e-02, 1.42121660e-02, 1.07865697e-02,
        3.37853543e-02, 1.88888218e-02, 2.02145092e-02, 1.58209894e-02,
        1.53203728e-02, 1.69950575e-02, 1.11078853e-02 ],
    "descriptor_time": [ 6.71725944e-02, 7.37554803e-02, 6.19587973e-02,
        8.14518481e-02, 6.47986382e-02, 7.05944225e-02, 5.77127524e-02,
        7.28597492e-02, 6.89221993e-02, 7.64110908e-02 ],
    "matcher_time": [ 0.0, 1.40507903e-03, 1.80592597e-03,
        4.01255395e-03, 3.85753089e-03, 4.56218002e-03, 1.69437705e-03,
        2.02155998e-03, 1.60981005e-03, 1.68482796e-03 ],
    "descriptor_time_avg": 6.9563761353492737e-02,
    "detector_time_avg": 1.7050504684448242e-02,
    "matcher_time_avg": 2.5170939043164253e-03,
    "feature_count": [ 390.0, 404.0, 406.0, 413.0, 405.0, 418.0, 428.0,
        421.0, 399.0, 375.0 ],
    "match_count": [ 0.0, 139.0, 151.0, 162.0, 170.0, 171.0, 167.0,
        160.0, 163.0, 167.0 ],
    "feature_count_avg": 4.0589999389648438e+02,
    "match_count_avg": 145.0,
    "feature_size": [
        [ 31.0, 69.0, 82.0, 7.56999969e+01 ],
        [ 3.72000008e+01, 56.0, 74.0, 6.61999969e+01 ],
        [ 4.45999985e+01, 50.0, 63.0, 5.74000015e+01 ],
        [ 5.35999985e+01, 43.0, 60.0, 5.05999985e+01 ],
        [ 6.43000031e+01, 35.0, 48.0, 4.30999985e+01 ],
        [ 7.70999985e+01, 35.0, 43.0, 3.92999992e+01 ],
        [ 9.25999985e+01, 34.0, 41.0, 3.72999992e+01 ],
        [ 1.11099998e+02, 32.0, 41.0, 3.62999992e+01 ]
    ]
}
