{
    "detector_type": "ORB",
    "descriptor_type": "ORB",
    "matcher_type": "MAT_BF",
    "selector_type": "SEL_KNN",
    "detector_time": [ 1.54181337e-02, 1.82000529e-02, 2.07947195e-02,
        1.51782054e-02, 4.01339419e-02, 1.75177902e-02, 1.65011510e-02,
        3.13232169e-02, 2.81221662e-02, 2.19999831e-02 ],
    "descriptor_time": [ 9.76775493e-03, 8.55785143e-03, 8.35963711e-03,
        7.04879500e-03, 1.61125232e-02, 8.09029024e-03, 9.65088420e-03,
        1.18419454e-02, 1.00778472e-02, 1.02235898e-02 ],
    "matcher_time": [ 0.0, 5.18141501e-03, 4.52583283e-03,
        4.44399100e-03, 4.57690982e-03, 4.57228394e-03, 7.80550577e-03,
        1.63057856e-02, 1.40695507e-02, 1.11976191e-02 ],
    "descriptor_time_avg": 9.9731115624308586e-03,
    "detector_time_avg": 2.2518936544656754e-02,
    "matcher_time_avg": 8.0754328519105911e-03,
    "feature_count": [ 390.0, 404.0, 406.0, 413.0, 405.0, 418.0, 428.0,
        421.0, 399.0, 375.0 ],
    "match_count": [ 0.0, 246.0, 276.0, 258.0, 278.0, 266.0, 310.0,
        282.0, 282.0, 285.0 ],
    "feature_count_avg": 4.0589999389648438e+02,
    "match_count_avg": 2.4830000305175781e+02,
    "feature_size": [
        [ 31.0, 69.0, 82.0, 7.56999969e+01 ],
        [ 3.72000008e+01, 56.0, 74.0, 6.61999969e+01 ],
        [ 4.45999985e+01, 50.0, 63.0, 5.74000015e+01 ],
        [ 5.35999985e+01, 43.0, 60.0, 5.05999985e+01 ],
        [ 6.43000031e+01, 35.0, 48.0, 4.30999985e+01 ],
        [ 7.70999985e+01, 35.0, 43.0, 3.92999992e+01 ],
        [ 9.25999985e+01, 34.0, 41.0, 3.72999992e+01 ],
        [ 1.11099998e+02, 32.0, 41.0, 3.62999992e+01 ]
    ]
}
