{
    "detector_type": "SHITOMASI",
    "descriptor_type": "SIFT",
    "matcher_type": "MAT_BF",
    "selector_type": "SEL_KNN",
    "detector_time": [ 3.07604335e-02, 1.67768020e-02, 2.54115611e-02,
        2.54158210e-02, 1.73455589e-02, 2.32010297e-02, 2.80587077e-02,
        3.82569805e-02, 1.91203635e-02, 2.34870575e-02 ],
    "descriptor_time": [ 3.65840681e-02, 3.82581353e-02, 4.23885472e-02,
        3.68186943e-02, 3.68036851e-02, 4.40368913e-02, 4.62029651e-02,
        2.39642151e-02, 2.66150851e-02, 3.65664922e-02 ],
    "matcher_time": [ 0.0, 8.41535977e-04, 7.28397979e-04,
        1.14127703e-03, 1.16124004e-03, 6.66974986e-04, 5.85123023e-04,
        1.30321900e-03, 1.83004804e-03, 7.20322016e-04 ],
    "descriptor_time_avg": 3.6823876202106476e-02,
    "detector_time_avg": 2.4783432483673096e-02,
    "matcher_time_avg": 9.9757080897688866e-04,
    "feature_count": [ 122.0, 117.0, 122.0, 117.0, 115.0, 112.0, 112.0,
        120.0, 111.0, 108.0 ],
    "match_count": [ 0.0, 110.0, 108.0, 102.0, 101.0, 98.0, 98.0, 93.0,
        105.0, 95.0 ],
    "feature_count_avg": 1.1559999847412109e+02,
    "match_count_avg": 91.0,
    "feature_size": [
        [ 4.0, 108.0, 122.0, 1.15599998e+02 ]
    ]
}
