{
    "detector_type": "ORB",
    "descriptor_type": "BRIEF",
    "matcher_type": "MAT_BF",
    "selector_type": "SEL_KNN",
    "detector_time": [ 1.85656957e-02, 1.76364128e-02, 1.96001716e-02,
        1.50145227e-02, 3.28614227e-02, 1.71374772e-02, 1.59261879e-02,
        1.47149684e-02, 1.65642351e-02, 1.47238383e-02 ],
    "descriptor_time": [ 3.97233199e-03, 2.99524609e-03, 2.73935101e-03,
        3.49804992e-03, 2.82507390e-03, 2.91743409e-03, 2.63688993e-03,
        2.10036011e-03, 2.69438699e-03, 2.00267299e-03 ],
    "matcher_time": [ 0.0, 4.35646577e-03, 5.20690484e-03,
        4.66702878e-03, 1.25197703e-02, 1.96661428e-02, 4.82592499e-03,
        4.84027620e-03, 7.51736807e-03, 6.72902912e-03 ],
    "descriptor_time_avg": 2.8381797019392252e-03,
    "detector_time_avg": 1.8274493515491486e-02,
    "matcher_time_avg": 7.8143235296010971e-03,
    "feature_count": [ 390.0, 404.0, 406.0, 413.0, 405.0, 418.0, 428.0,
        421.0, 399.0, 375.0 ],
    "match_count": [ 0.0, 202.0, 195.0, 177.0, 161.0, 186.0, 227.0,
        230.0, 216.0, 209.0 ],
    "feature_count_avg": 4.0589999389648438e+02,
    "match_count_avg": 1.8030000305175781e+02,
    "feature_size": [
        [ 31.0, 69.0, 82.0, 7.56999969e+01 ],
        [ 3.72000008e+01, 56.0, 74.0, 6.61999969e+01 ],
        [ 4.45999985e+01, 50.0, 63.0, 5.74000015e+01 ],
        [ 5.35999985e+01, 43.0, 60.0, 5.05999985e+01 ],
        [ 6.43000031e+01, 35.0, 48.0, 4.30999985e+01 ],
        [ 7.70999985e+01, 35.0, 43.0, 3.92999992e+01 ],
        [ 9.25999985e+01, 34.0, 41.0, 3.72999992e+01 ],
        [ 1.11099998e+02, 32.0, 41.0, 3.62999992e+01 ]
    ]
}
