{
    "detector_type": "SIFT",
    "descriptor_type": "BRIEF",
    "matcher_type": "MAT_BF",
    "selector_type": "SEL_KNN",
    "detector_time": [ 2.30957463e-01, 2.89065093e-01, 2.17800230e-01,
        2.42755741e-01, 2.57210433e-01, 2.04343408e-01, 1.95505679e-01,
        1.92167163e-01, 2.06237361e-01, 1.94184288e-01 ],
    "descriptor_time": [ 2.36689509e-03, 2.57746596e-03, 2.66062398e-03,
        2.57637189e-03, 6.39524497e-03, 1.39951403e-03, 2.65047210e-03,
        2.87436694e-03, 2.60642311e-03, 2.63200095e-03 ],
    "matcher_time": [ 0.0, 7.21263001e-04, 5.93546021e-04,
        5.75978018e-04, 2.74156197e-03, 2.55349698e-03, 6.67286979e-04,
        6.92624017e-04, 7.55399000e-04, 7.26099010e-04 ],
    "descriptor_time_avg": 2.8739378321915865e-03,
    "detector_time_avg": 2.2302269935607910e-01,
    "matcher_time_avg": 1.1141394497826695e-03,
    "feature_count": [ 137.0, 131.0, 121.0, 135.0, 134.0, 139.0, 136.0,
        147.0, 156.0, 135.0 ],
    "match_count": [ 0.0, 86.0, 76.0, 72.0, 83.0, 69.0, 75.0, 76.0, 69.0,
        87.0 ],
    "feature_count_avg": 1.3710000610351562e+02,
    "match_count_avg": 6.9300003051757812e+01,
    "feature_size": [
        [ 1.79999995e+00, 2.0, 11.0, 6.09999990e+00 ],
        [ 1.89999998e+00, 6.0, 16.0, 11.0 ],
        [ 2.0, 4.0, 14.0, 9.50000000e+00 ],
        [ 2.09999990e+00, 3.0, 10.0, 6.30000019e+00 ],
        [ 2.20000005e+00, 2.0, 10.0, 5.77777767e+00 ],
        [ 2.29999995e+00, 1.0, 8.0, 4.40000010e+00 ],
        [ 2.40000010e+00, 1.0, 8.0, 4.30000019e+00 ],
        [ 2.50000000e+00, 2.0, 6.0, 3.70000005e+00 ],
        [ 2.59999990e+00, 2.0, 10.0, 4.44444466e+00 ],
        [ 2.70000005e+00, 1.0, 7.0, 3.09999990e+00 ],
        [ 2.79999995e+00, 1.0, 7.0, 3.29999995e+00 ],
        [ 2.90000010e+00, 1.0, 5.0, 2.42857146e+00 ],
        [ 3.0, 1.0, 5.0, 2.88888884e+00 ],
        [ 3.09999990e+00, 1.0, 5.0, 2.87500000e+00 ],
        [ 3.20000005e+00, 1.0, 4.0, 2.22222233e+00 ],
        [ 3.29999995e+00, 1.0, 6.0, 3.55555558e+00 ],
        [ 3.40000010e+00, 1.0, 7.0, 4.44444466e+00 ],
        [ 3.50000000e+00, 1.0, 4.0, 1.75000000e+00 ],
        [ 3.59999990e+00, 1.0, 2.0, 1.83333337e+00 ],
        [ 3.70000005e+00, 1.0, 4.0, 2.16666675e+00 ],
        [ 3.79999995e+00, 1.0, 6.0, 2.70000005e+00 ],
        [ 3.90000010e+00, 1.0, 7.0, 3.29999995e+00 ],
        [ 4.0, 1.0, 4.0, 2.29999995e+00 ],
        [ 4.09999990e+00, 1.0, 5.0, 2.83333325e+00 ],
        [ 4.19999981e+00, 1.0, 5.0, 2.37500000e+00 ],
        [ 4.30000019e+00, 1.0, 5.0, 3.42857146e+00 ],
        [ 4.40000010e+00, 1.0, 6.0, 2.11111116e+00 ],
        [ 4.50000000e+00, 1.0, 3.0, 1.75000000e+00 ],
        [ 4.59999990e+00, 1.0, 4.0, 1.75000000e+00 ],
        [ 4.69999981e+00, 1.0, 5.0, 2.62500000e+00 ],
        [ 4.80000019e+00, 1.0, 3.0, 1.70000005e+00 ],
        [ 4.90000010e+00, 1.0, 3.0, 1.62500000e+00 ],
        [ 5.0, 1.0, 3.0, 2.0 ],
        [ 5.09999990e+00, 1.0, 4.0, 2.25000000e+00 ],
        [ 5.19999981e+00, 1.0, 5.0, 2.28571439e+00 ],
        [ 5.30000019e+00, 1.0, 4.0, 2.0 ],
        [ 5.40000010e+00, 1.0, 5.0, 2.83333325e+00 ],
        [ 5.50000000e+00, 1.0, 5.0, 1.88888884e+00 ],
        [ 5.59999990e+00, 1.0, 3.0, 1.60000002e+00 ],
        [ 5.69999981e+00, 1.0, 2.0, 1.33333337e+00 ],
        [ 5.80000019e+00, 1.0, 1.0, 1.0 ],
        [ 5.90000010e+00, 1.0, 2.0, 1.25000000e+00 ],
        [ 6.0, 1.0, 1.0, 1.0 ],
        [ 6.19999981e+00, 1.0, 2.0, 1.20000005e+00 ],
        [ 6.30000019e+00, 1.0, 1.0, 1.0 ],
        [ 6.40000010e+00, 1.0, 1.0, 1.0 ],
        [ 6.50000000e+00, 1.0, 2.0, 1.25000000e+00 ],
        [ 6.59999990e+00, 1.0, 2.0, 1.50000000e+00 ],
        [ 6.69999981e+00, 2.0, 2.0, 2.0 ],
        [ 6.80000019e+00, 1.0, 1.0, 1.0 ],
        [ 7.0, 1.0, 1.0, 1.0 ],
        [ 7.09999990e+00, 1.0, 1.0, 1.0 ],
        [ 7.40000010e+00, 1.0, 1.0, 1.0 ],
        [ 7.50000000e+00, 1.0, 1.0, 1.0 ],
        [ 7.59999990e+00, 1.0, 1.0, 1.0 ],
        [ 7.69999981e+00, 1.0, 1.0, 1.0 ],
        [ 7.90000010e+00, 1.0, 2.0, 1.33333337e+00 ],
        [ 8.0, 1.0, 2.0, 1.33333337e+00 ],
        [ 8.10000038e+00, 2.0, 2.0, 2.0 ],
        [ 8.19999981e+00, 1.0, 1.0, 1.0 ],
        [ 8.30000019e+00, 1.0, 1.0, 1.0 ],
        [ 8.39999962e+00, 1.0, 3.0, 1.66666663e+00 ],
        [ 8.50000000e+00, 1.0, 1.0, 1.0 ],
        [ 8.60000038e+00, 1.0, 1.0, 1.0 ],
        [ 8.80000019e+00, 1.0, 2.0, 1.33333337e+00 ],
        [ 8.89999962e+00, 1.0, 1.0, 1.0 ],
        [ 9.0, 2.0, 2.0, 2.0 ],
        [ 9.10000038e+00, 1.0, 1.0, 1.0 ],
        [ 9.19999981e+00, 1.0, 1.0, 1.0 ],
        [ 9.30000019e+00, 1.0, 2.0, 1.25000000e+00 ],
        [ 9.39999962e+00, 1.0, 1.0, 1.0 ],
        [ 9.50000000e+00, 1.0, 1.0, 1.0 ],
        [ 9.60000038e+00, 1.0, 1.0, 1.0 ],
        [ 9.69999981e+00, 1.0, 1.0, 1.0 ],
        [ 9.80000019e+00, 1.0, 1.0, 1.0 ],
        [ 10.0, 1.0, 1.0, 1.0 ],
        [ 1.01000004e+01, 2.0, 2.0, 2.0 ],
        [ 1.01999998e+01, 1.0, 1.0, 1.0 ],
        [ 1.03000002e+01, 1.0, 1.0, 1.0 ],
        [ 1.05000000e+01, 1.0, 1.0, 1.0 ],
        [ 1.06000004e+01, 1.0, 1.0, 1.0 ],
        [ 1.08999996e+01, 1.0, 1.0, 1.0 ],
        [ 11.0, 1.0, 1.0, 1.0 ],
        [ 1.11000004e+01, 1.0, 1.0, 1.0 ],
        [ 1.11999998e+01, 3.0, 3.0, 3.0 ],
        [ 1.15000000e+01, 2.0, 2.0, 2.0 ],
        [ 1.16000004e+01, 1.0, 1.0, 1.0 ],
        [ 1.16999998e+01, 1.0, 1.0, 1.0 ],
        [ 1.18000002e+01, 1.0, 1.0, 1.0 ],
        [ 1.18999996e+01, 1.0, 1.0, 1.0 ],
        [ 12.0, 1.0, 1.0, 1.0 ],
        [ 1.21000004e+01, 1.0, 1.0, 1.0 ],
        [ 1.21999998e+01, 1.0, 2.0, 1.50000000e+00 ],
        [ 1.23000002e+01, 1.0, 1.0, 1.0 ],
        [ 1.23999996e+01, 2.0, 2.0, 2.0 ],
        [ 1.26999998e+01, 1.0, 1.0, 1.0 ],
        [ 1.28000002e+01, 1.0, 1.0, 1.0 ],
        [ 1.28999996e+01, 3.0, 3.0, 3.0 ],
        [ 1.33000002e+01, 2.0, 2.0, 2.0 ],
        [ 1.35000000e+01, 2.0, 2.0, 2.0 ],
        [ 1.36000004e+01, 1.0, 2.0, 1.25000000e+00 ],
        [ 1.36999998e+01, 1.0, 1.0, 1.0 ],
        [ 1.38000002e+01, 2.0, 2.0, 2.0 ],
        [ 14.0, 1.0, 1.0, 1.0 ],
        [ 1.41000004e+01, 2.0, 2.0, 2.0 ],
        [ 1.46000004e+01, 1.0, 1.0, 1.0 ],
        [ 1.46999998e+01, 1.0, 1.0, 1.0 ],
        [ 15.0, 1.0, 1.0, 1.0 ],
        [ 1.51000004e+01, 1.0, 2.0, 1.25000000e+00 ],
        [ 1.51999998e+01, 1.0, 1.0, 1.0 ],
        [ 1.53999996e+01, 1.0, 1.0, 1.0 ],
        [ 1.56000004e+01, 1.0, 1.0, 1.0 ],
        [ 16.0, 1.0, 1.0, 1.0 ],
        [ 1.62999992e+01, 2.0, 2.0, 2.0 ],
        [ 1.67000008e+01, 1.0, 1.0, 1.0 ],
        [ 1.67999992e+01, 1.0, 1.0, 1.0 ],
        [ 17.0, 1.0, 1.0, 1.0 ],
        [ 1.72000008e+01, 1.0, 1.0, 1.0 ],
        [ 1.72999992e+01, 1.0, 1.0, 1.0 ],
        [ 1.76000004e+01, 1.0, 1.0, 1.0 ],
        [ 1.77999992e+01, 1.0, 1.0, 1.0 ],
        [ 20.0, 1.0, 1.0, 1.0 ],
        [ 2.06000004e+01, 1.0, 1.0, 1.0 ],
        [ 2.07999992e+01, 1.0, 1.0, 1.0 ],
        [ 2.08999996e+01, 1.0, 1.0, 1.0 ],
        [ 21.0, 1.0, 1.0, 1.0 ],
        [ 2.15000000e+01, 1.0, 1.0, 1.0 ],
        [ 2.17000008e+01, 1.0, 1.0, 1.0 ],
        [ 2.22999992e+01, 1.0, 1.0, 1.0 ],
        [ 2.31000004e+01, 1.0, 1.0, 1.0 ],
        [ 2.32000008e+01, 1.0, 1.0, 1.0 ],
        [ 2.37999992e+01, 2.0, 2.0, 2.0 ],
        [ 2.38999996e+01, 1.0, 1.0, 1.0 ],
        [ 2.42999992e+01, 2.0, 2.0, 2.0 ],
        [ 2.46000004e+01, 1.0, 1.0, 1.0 ],
        [ 2.47999992e+01, 1.0, 2.0, 1.50000000e+00 ],
        [ 25.0, 1.0, 1.0, 1.0 ],
        [ 2.51000004e+01, 1.0, 1.0, 1.0 ],
        [ 2.52000008e+01, 2.0, 2.0, 2.0 ],
        [ 2.52999992e+01, 1.0, 1.0, 1.0 ],
        [ 2.55000000e+01, 1.0, 1.0, 1.0 ],
        [ 2.56000004e+01, 2.0, 2.0, 2.0 ],
        [ 2.57000008e+01, 1.0, 1.0, 1.0 ],
        [ 2.57999992e+01, 1.0, 1.0, 1.0 ],
        [ 2.58999996e+01, 1.0, 1.0, 1.0 ],
        [ 26.0, 3.0, 3.0, 3.0 ],
        [ 2.62000008e+01, 1.0, 1.0, 1.0 ],
        [ 2.62999992e+01, 1.0, 1.0, 1.0 ],
        [ 2.67000008e+01, 1.0, 1.0, 1.0 ],
        [ 3.07000008e+01, 1.0, 1.0, 1.0 ],
