{
    "detector_type": "ORB",
    "descriptor_type": "BRISK",
    "matcher_type": "MAT_BF",
    "selector_type": "SEL_KNN",
    "detector_time": [ 1.44615127e-02, 1.69031173e-02, 3.24903764e-02,
        2.30325535e-02, 1.57708433e-02, 1.81823466e-02, 1.45504037e-02,
        2.12172475e-02, 1.78226586e-02, 1.59013439e-02 ],
    "descriptor_time": [ 8.34546518e-03, 5.01892017e-03, 4.88991290e-03,
        4.86871507e-03, 4.83740820e-03, 5.08735701e-03, 5.34887705e-03,
        5.19592594e-03, 4.97015100e-03, 4.47310880e-03 ],
    "matcher_time": [ 0.0, 6.75007794e-03, 7.59323779e-03,
        4.05401411e-03, 4.07349318e-03, 7.06103211e-03, 4.33166977e-03,
        7.64711015e-03, 7.46848714e-03, 3.73063888e-03 ],
    "descriptor_time_avg": 5.3035845048725605e-03,
    "detector_time_avg": 1.9033240154385567e-02,
    "matcher_time_avg": 5.8566401712596416e-03,
    "feature_count": [ 390.0, 404.0, 406.0, 413.0, 405.0, 418.0, 428.0,
        421.0, 399.0, 375.0 ],
    "match_count": [ 0.0, 278.0, 281.0, 290.0, 284.0, 285.0, 309.0,
        274.0, 267.0, 263.0 ],
    "feature_count_avg": 4.0589999389648438e+02,
    "match_count_avg": 2.5310000610351562e+02,
    "feature_size": [
        [ 31.0, 69.0, 82.0, 7.56999969e+01 ],
        [ 3.72000008e+01, 56.0, 74.0, 6.61999969e+01 ],
        [ 4.45999985e+01, 50.0, 63.0, 5.74000015e+01 ],
        [ 5.35999985e+01, 43.0, 60.0, 5.05999985e+01 ],
        [ 6.43000031e+01, 35.0, 48.0, 4.30999985e+01 ],
        [ 7.70999985e+01, 35.0, 43.0, 3.92999992e+01 ],
        [ 9.25999985e+01, 34.0, 41.0, 3.72999992e+01 ],
        [ 1.11099998e+02, 32.0, 41.0, 3.62999992e+01 ]
    ]
}
