{
    "detector_type": "SHITOMASI",
    "descriptor_type": "BRISK",
    "matcher_type": "MAT_BF",
    "selector_type": "SEL_KNN",
    "detector_time": [ 3.00983079e-02, 2.68001352e-02, 5.51398024e-02,
        3.36223282e-02, 2.50841398e-02, 3.09183411e-02, 2.92824619e-02,
        2.71635428e-02, 2.68174801e-02, 3.16162221e-02 ],
    "descriptor_time": [ 2.63409410e-03, 3.23327701e-03, 4.02950216e-03,
        2.90678302e-03, 3.12531996e-03, 3.08022299e-03, 2.85331788e-03,
        2.84449011e-03, 3.00720311e-03, 2.98233703e-03 ],
    "matcher_time": [ 0.0, 2.46000709e-03, 2.29238090e-03,
        2.27400009e-03, 5.81726024e-04, 5.46423020e-04, 2.18404294e-03,
        5.51569974e-04, 6.04684989e-04, 5.86988986e-04 ],
    "descriptor_time_avg": 3.0696545727550983e-03,
    "detector_time_avg": 3.1654275953769684e-02,
    "matcher_time_avg": 1.3424250064417720e-03,
    "feature_count": [ 122.0, 117.0, 122.0, 117.0, 115.0, 112.0, 112.0,
        120.0, 111.0, 108.0 ],
    "match_count": [ 0.0, 94.0, 88.0, 78.0, 87.0, 83.0, 78.0, 83.0, 86.0,
        79.0 ],
    "feature_count_avg": 1.1559999847412109e+02,
    "match_count_avg": 7.5599998474121094e+01,
    "feature_size": [
        [ 4.0, 108.0, 122.0, 1.15599998e+02 ]
    ]
}
