{
    "detector_type": "AKAZE",
    "descriptor_type": "AKAZE",
    "matcher_type": "MAT_BF",
    "selector_type": "SEL_KNN",
    "detector_time": [ 1.59374550e-01, 1.41885251e-01, 1.59693152e-01,
        1.46703914e-01, 1.36832848e-01, 1.26992881e-01, 1.32191375e-01,
        1.36118397e-01, 1.37812108e-01, 1.36683986e-01 ],
    "descriptor_time": [ 1.73806131e-01, 1.96143806e-01, 1.26811907e-01,
        1.13919571e-01, 1.21381566e-01, 1.10017203e-01, 1.26061678e-01,
        1.15848795e-01, 1.14439987e-01, 1.15349755e-01 ],
    "matcher_time": [ 0.0, 2.16099690e-03, 1.08097598e-03,
        1.03943201e-03, 1.31055305e-03, 1.10691495e-03, 1.16571295e-03,
        1.27490703e-03, 1.26808195e-03, 1.31272106e-03 ],
    "descriptor_time_avg": 1.3137803971767426e-01,
    "detector_time_avg": 1.4142885804176331e-01,
    "matcher_time_avg": 1.3022550847381353e-03,
    "feature_count": [ 162.0, 157.0, 159.0, 154.0, 162.0, 163.0, 173.0,
        175.0, 175.0, 175.0 ],
    "match_count": [ 0.0, 135.0, 138.0, 132.0, 126.0, 128.0, 146.0,
        147.0, 149.0, 148.0 ],
    "feature_count_avg": 1.6550000000000000e+02,
    "match_count_avg": 1.2490000152587891e+02,
    "feature_size": [
        [ 4.80000019e+00, 35.0, 49.0, 4.12000008e+01 ],
        [ 5.69999981e+00, 42.0, 59.0, 5.00999985e+01 ],
        [ 6.80000019e+00, 1.0, 3.0, 1.88888884e+00 ],
        [ 8.10000038e+00, 33.0, 42.0, 3.75999985e+01 ],
        [ 1.13999996e+01, 18.0, 24.0, 21.0 ],
        [ 1.36000004e+01, 1.0, 2.0, 1.25000000e+00 ],
        [ 1.61000004e+01, 9.0, 15.0, 1.18999996e+01 ],
        [ 2.27999992e+01, 1.0, 2.0, 1.39999998e+00 ],
        [ 2.72000008e+01, 1.0, 1.0, 1.0 ]
    ]
}
